StudentID,Gender,Grade,SES,AttendanceRate,AttendanceDays,MathScore,ReadingScore,ScienceScore,BehaviourScore,Extracurricular,AverageScore,PerformanceBand,AtRisk,PerformanceCategory,RiskScore
S1018,Female,9,Low,0.92586056591293,167,74.01482755790495,71.83056610935161,72.20297813230039,2.6282543448925786,Sports,72.68279059985231,Average,True,Moderate,1.0672855447983396
S1020,Male,11,Middle,0.9214706104555366,166,46.79425212553981,52.12007636074064,60.022395956123376,9.642953346495734,None,52.97890814746794,Below Average,True,Critical,3.5105459262660297
S1021,Female,9,Middle,0.949879897474727,171,92.61379671041502,71.3908573912853,87.39062536416301,3.6678975816653314,Arts,83.7984264886211,Strong,True,High,0.5994460882506009
S1024,Female,11,High,1.0,180,58.38586490748208,57.82523922255678,76.17520544450076,4.866478949507922,Debate,64.12876985817987,Below Average,True,Low,0.060084472721435134
S1025,Male,9,Middle,0.8739591462267171,157,64.87525956320277,32.33554821351599,35.87796086183889,5.999929962336425,Arts,44.362922879519225,Poor,True,Critical,8.729968442305289
S1031,Female,9,Middle,0.8840364412733587,159,42.8752397879305,54.89087730883716,53.28096679512533,5.367706811808988,None,50.349027963964325,Below Average,True,Critical,5.384210573450285
S1032,Female,12,Low,0.7925662565414117,143,61.16563474871152,61.504257128069284,84.34415510681868,6.455863520696408,Science Club,69.00468232786649,Average,True,Moderate,3.760181021050592
S1033,Male,12,Low,0.8884546986991544,160,49.78982995180923,56.0384033975727,59.00314861799032,8.280874210210253,None,54.94379398912408,Below Average,True,Critical,2.9321885509675565
S1042,Female,12,Low,0.8407860075787615,151,67.13042991936041,75.13305369229802,73.85709426465812,5.454086010320185,Arts,72.04019262543885,Average,True,Moderate,2.0724897347433466
S1044,Female,10,Middle,0.9907664072432772,178,44.00478808060309,32.32568590941829,37.609547755633834,8.467582264343092,Sports,37.980007248551736,Poor,True,Critical,11.009996375724132
S1046,Female,11,Middle,0.8172119282545474,147,81.81655196524467,94.10404426781218,64.96211465721447,7.9870394400358125,None,80.29423696342378,Strong,True,High,2.897582511090843
S1050,Non-binary,11,Middle,0.824334340472338,148,66.80767218542715,84.6332763789488,60.12515395511172,6.459098563065729,None,70.52203417316257,Average,True,Moderate,2.6482980834681706
S1053,Male,12,Low,0.9228188356258845,166,86.94321543069007,68.2306191202644,58.82215218553957,4.864769666545593,Science Club,71.33199557883135,Average,True,Moderate,0.06085365005448322
S1054,Male,11,Low,0.8929960717112454,161,90.25627442480098,81.33524176742473,89.47138354626611,4.598067487656973,Debate,87.02096657949727,Strong,True,High,0.42600712066077395
S1058,Female,9,High,0.927217737902714,167,71.21119526572984,85.17940014641357,83.5510805784555,3.6525270658093008,Sports,79.98055866353296,Average,True,High,0.6063628203858146
S1062,Male,11,Middle,0.8279531497558628,149,97.92854845448092,100.0,65.55777177354435,6.4191456437438905,None,87.82877340934175,Strong,True,High,2.521639758544804
S1066,Female,10,High,1.0,180,50.4011594851148,40.67974354533572,58.385233762970934,7.605609767591671,Sports,49.82204559780715,Poor,True,Critical,5.0889772010964265
S1068,Female,11,Low,0.9907578310438296,178,56.13593967441803,45.66737117394085,52.498040364342586,6.74549801801506,Sports,51.433783737567154,Below Average,True,Critical,4.283108131216423
S1071,Female,11,Low,1.0,180,84.13427530191886,85.95394771185619,91.92916198699716,4.321696893218075,Debate,87.33912833359074,Strong,True,High,0.3052363980518663
S1072,Female,9,Low,0.9050621510912557,163,62.129936205024684,74.7039371548211,73.96513952468871,4.973266240209717,None,70.26633762817816,Average,True,Moderate,0.012030191905627463
S1075,Male,9,Middle,1.0,180,63.41195492708326,48.39328931897167,39.65962552323764,7.068829994565178,None,50.48828992309752,Below Average,True,Critical,4.755855038451241
S1078,Female,12,High,0.9835054692109753,177,54.09273608991438,58.77862680521565,41.371053979132725,6.42843257544315,None,51.414138958087584,Below Average,True,Critical,4.292930520956208
S1079,Female,11,Low,0.8144756308146132,147,97.60898125296399,75.5199154316975,71.68915534632544,5.999051494275838,None,81.6060173436623,Strong,True,High,2.9933529214885395
S1080,Male,12,Low,0.8490044892400536,153,100.0,72.74556805312287,74.86089840146775,7.752521459175827,Sports,82.53548881819687,Strong,True,High,1.784842876598126
S1081,Male,11,Middle,0.797646069334394,144,61.707857303987176,50.99928836829208,77.93656789663638,5.638929000292943,Science Club,63.54790452297188,Below Average,True,Low,3.582387573296211
S1083,Female,10,High,0.9630525353477578,173,100.0,100.0,80.54330825742099,4.335349512371888,Sports,93.514436085807,Strong,True,High,0.2990927194326504
S1087,Male,9,Low,0.8371939125071066,151,58.20894665855191,47.62249364453412,56.555536066452255,9.168843771101926,Sports,54.12899212317942,Below Average,True,Critical,5.133717000661558
S1088,Male,11,Middle,0.8177970536386907,147,87.87057810545404,82.98409616557069,84.46455078877646,10.0,Debate,85.10640835326707,Strong,True,High,2.877103122645826
S1090,Female,12,High,0.9430439269363585,170,81.06361665860635,87.01414406975353,70.9125499080923,4.086426383603039,Debate,79.6634368788174,Average,True,High,0.4111081273786326
S1092,Male,12,Middle,0.7959534739976074,143,88.41450480484824,86.45588540983836,68.73408146944456,6.275326560147779,Arts,81.20149056137706,Strong,True,High,3.641628410083741
S1094,Male,9,Middle,0.8417318299697089,152,98.27206924147005,81.8968336316274,65.52054199577809,8.331786236844422,Science Club,81.89648162295852,Strong,True,High,2.039385951060191
S1099,Female,12,Middle,0.8564471886866629,154,68.35824920666586,87.94842810386528,87.16901021627666,4.8680100256732,None,81.15856250893593,Strong,True,High,1.583743884413858
S1101,Male,10,High,0.9773085392300743,176,57.000627986594885,63.496247910805174,53.639960698615965,4.9669677098906,Sports,58.04561219867201,Below Average,True,Low,0.9920584312132247
S1106,Female,12,Middle,0.9135781784027266,164,49.11596820095794,61.48454297183412,52.69461273268957,8.287972221585601,Sports,54.431707968493875,Below Average,True,Critical,2.7841460157530626
S1108,Female,11,High,0.8867810416791692,160,57.11019882455941,54.54775840449855,33.62930429515173,5.854955995673816,Debate,48.42908717473656,Poor,True,Critical,6.248119953860801
S1109,Female,9,Low,0.8481273264446691,153,100.0,85.61700274909525,100.0,8.660557782936184,Arts,95.20566758303175,Strong,True,High,1.8155435744365807
S1121,Male,12,Middle,0.7818847301158649,141,67.39246729152134,80.95098773064004,77.75582738790223,6.387559803390318,None,75.36642747002121,Average,True,High,4.134034445944729
S1122,Female,12,Low,0.8290885362680869,149,95.91399069916916,94.27569097724269,97.92206276702139,8.538333930299938,Science Club,96.03724814781107,Strong,True,High,2.48190123061696
S1125,Female,11,Middle,0.9050578376266173,163,50.633542834988035,60.42160263437397,61.56720488549152,4.573595504197179,None,57.54078345161784,Below Average,True,Low,1.4214902973023489
S1126,Male,12,Middle,0.954593417783346,172,54.53552368418114,45.115505068959266,57.56285687668812,6.091153083515237,Science Club,52.404628543276175,Below Average,True,Critical,3.7976857283619125
S1130,Female,12,Low,0.9123249445111541,164,46.138429176490185,47.552555233751434,43.11550659334383,7.7198618016798575,None,45.60216366786182,Poor,True,Critical,7.198918166069092
S1131,Female,10,Middle,0.8626675735639745,155,100.0,86.2112844946615,73.65657403773659,4.996380154321818,None,86.62261951079937,Strong,True,High,1.3082638558160753
S1132,Female,10,Middle,0.8236132207845457,148,55.62376621288969,66.20918975609568,66.22108473353958,8.084356131810734,None,62.684680234174984,Below Average,True,Low,2.6735372725409015
S1135,Female,9,Middle,0.8346647774241396,150,47.12117769408465,55.01209476233039,65.53288799205144,9.34540530599832,Science Club,55.888720149488826,Below Average,True,Low,4.342372715410702
S1139,Non-binary,11,Low,0.972898385416967,175,50.81826842786932,53.6919060934718,69.74302096652198,4.410270319671216,Sports,58.08439849595437,Below Average,True,Low,1.2231791081707688
S1143,Female,10,Middle,0.8683229479203042,156,52.970525924788895,53.42979753484842,40.81471725565406,5.101852563523444,Arts,49.07168023843045,Poor,True,Critical,6.5728567035741285
S1146,Male,12,High,0.8577652307404127,154,30.0,39.34507699754595,36.9781949672934,7.328800723058022,Debate,35.44109065494646,Poor,True,Critical,13.75767159661233
S1149,Female,9,Low,0.8370320161421398,151,82.78787087098793,82.47287266084295,61.795519915724746,7.453561051092342,None,75.68542114918522,Average,True,High,2.203879435025106
